target,condition,mae_all,mae_shock,n_shock
total,C,15925.493278663522,25118.19867267384,10
total,D,12583.960284288363,14894.913930240431,10
member,C,11984.196634247686,19646.225951481396,10
member,D,9679.007656562953,11361.227157400734,10
casual,C,4463.223009025852,6417.85219379856,10
casual,D,3434.0180104232104,4889.821561567764,10
